campaign_id,channel,spend,impressions,conversions,roi_positive
1,search,499.43,287.32,38.86,1
2,email,124.72,357.47,109.63,0
3,display,102.84,162.8,362.72,0
4,display,87.38,360.74,371.42,1
5,search,359.48,221.71,292.96,1
6,social,74.63,363.43,130.47,0
7,display,21.04,139.79,261.55,0
8,search,129.32,10.04,304.27,0
9,social,259.96,170.51,444.04,1
10,email,475.93,467.46,237.64,1
11,email,481.72,281.01,98.86,1
12,display,462.01,223.19,327.59,1
13,search,380.65,380.5,184.25,1
14,search,136.96,211.78,125.1,0
15,email,162.35,44.48,490.78,0
16,display,133.53,361.58,117.11,0
17,display,137.67,422.47,167.97,0
18,search,178.46,55.27,407.69,0
19,search,252.01,127.64,163.07,0
20,search,135.74,268.59,438.2,1
21,display,440.97,68.87,58.0,0
22,social,413.59,473.34,314.17,1
23,search,426.31,381.62,169.63,1
24,social,340.12,150.04,102.89,0
25,email,406.02,105.69,221.41,0
26,display,278.28,62.31,297.71,0
27,email,60.5,74.98,268.81,0
28,display,159.14,303.39,15.17,0
29,social,488.95,359.76,77.3,1
30,email,66.04,12.38,38.71,0
31,social,123.73,130.46,280.69,0
32,search,369.1,307.31,480.06,1
33,search,468.85,341.63,336.22,1
34,search,233.99,278.27,214.61,0
35,social,90.97,473.7,19.25,0
36,display,314.26,223.85,329.45,1
37,email,420.24,251.41,81.17,0
38,email,478.84,61.09,194.41,0
39,social,87.92,150.65,325.59,0
40,search,451.14,305.4,22.64,0
41,email,326.98,238.64,283.19,1
42,social,490.49,123.09,36.77,0
43,social,395.08,206.45,210.52,1
44,email,134.26,62.19,288.42,0
45,social,496.62,90.09,477.55,1
46,email,110.05,22.3,254.15,0
47,display,257.01,484.38,496.1,1
48,display,461.22,191.92,432.0,1
49,email,494.68,185.72,384.39,1
50,search,56.91,198.56,109.05,0
51,display,150.09,248.38,221.73,0
52,search,145.07,427.68,243.07,1
53,display,447.16,374.36,196.88,1
54,display,391.23,114.64,435.35,1
55,social,429.56,240.86,100.38,0
56,search,109.4,171.06,71.49,0
57,email,274.69,201.62,240.62,0
58,search,478.35,445.5,285.61,1
59,search,383.52,58.57,421.6,1
60,social,71.8,119.83,303.04,0
61,social,274.47,356.27,201.9,1
62,email,174.67,88.28,180.89,0
63,search,161.2,495.33,288.37,1
64,search,423.52,163.07,382.8,1
65,display,60.52,93.51,142.84,0
66,social,292.55,197.3,71.9,0
67,search,207.0,230.02,392.57,1
68,search,255.54,449.05,445.18,1
69,social,23.7,428.8,269.04,0
70,display,15.09,380.84,18.33,0
71,search,167.54,252.17,211.91,0
72,email,247.63,42.28,191.69,0
73,email,374.33,45.38,335.51,0
74,search,409.63,124.28,268.88,1
75,display,61.03,263.79,39.03,0
76,display,254.38,96.36,411.88,0
77,social,266.54,263.1,321.21,1
78,social,406.33,107.02,437.08,1
79,social,332.54,401.41,104.12,1
80,display,405.62,483.48,384.48,1
81,email,121.82,473.16,69.26,0
82,display,173.88,407.13,465.64,1
83,display,425.87,314.95,304.74,1
84,display,371.14,294.81,293.31,1
85,social,76.92,268.07,494.04,1
86,social,312.44,412.72,307.13,1
87,display,29.74,234.64,460.73,0
88,email,220.15,108.17,61.45,0
89,social,150.33,183.14,202.03,0
90,email,282.15,103.94,50.93,0
91,display,254.58,439.52,186.68,1
92,search,140.93,367.26,43.15,0
93,display,340.78,342.94,453.28,1
94,display,423.03,129.36,24.03,0
95,display,127.57,18.83,30.65,0
96,search,458.43,483.23,352.97,1
97,display,70.36,14.3,76.13,0
98,search,464.56,104.49,185.82,0
99,social,30.5,133.85,352.78,0
100,display,146.6,319.48,239.0,0
101,display,458.62,40.07,441.51,1
102,display,174.53,95.69,291.94,0
103,display,312.76,145.53,133.2,0
104,display,455.05,478.7,59.64,1
105,social,338.88,161.1,361.97,1
106,social,46.83,249.3,163.92,0
107,social,179.79,163.9,406.03,0
108,search,193.0,402.65,189.92,0
109,search,99.15,124.2,106.82,0
110,display,254.14,105.56,60.36,0
111,email,121.41,148.52,218.8,0
112,display,34.6,155.2,499.38,0
113,email,383.16,283.78,119.76,0
114,search,143.0,449.77,347.4,1
115,search,124.4,221.55,379.29,0
116,social,228.98,401.24,427.39,1
117,search,148.43,435.75,301.99,1
118,social,101.32,475.42,74.66,0
119,email,352.85,237.28,346.73,1
120,social,22.16,52.62,85.03,0
121,email,289.74,162.6,305.97,0
122,email,38.07,292.96,38.3,0
123,email,191.06,18.49,222.6,0
124,display,170.74,329.98,29.17,0
125,display,289.4,37.72,143.99,0
126,social,399.07,110.08,13.41,0
127,display,427.26,206.91,21.62,0
128,search,170.57,211.33,382.9,0
129,email,211.79,162.41,477.61,1
130,social,493.0,311.64,253.48,1
131,email,62.33,64.25,349.32,0
132,email,65.06,48.92,227.31,0
133,email,211.27,101.11,238.49,0
134,social,351.25,173.83,389.82,1
135,social,338.54,270.73,330.81,1
136,social,438.61,116.86,326.87,1
137,email,482.6,117.14,135.69,0
138,email,363.76,321.63,275.98,1
139,search,484.83,152.55,95.87,0
140,display,51.91,166.66,380.71,0
141,social,388.65,457.47,403.53,1
142,social,241.73,376.99,110.38,0
143,email,385.17,92.46,370.88,1
144,display,135.61,118.1,45.95,0
145,social,256.5,363.11,129.08,0
146,email,309.28,69.54,234.81,0
147,email,333.61,15.46,482.77,1
148,search,406.08,71.09,324.81,1
149,social,479.26,69.03,364.14,1
150,display,288.22,337.23,235.07,1
151,social,431.45,160.1,235.0,1
152,email,139.61,55.13,238.19,0
153,search,300.8,330.13,265.68,1
154,email,60.76,30.49,313.29,0
155,search,263.58,456.0,60.25,0
156,search,67.62,47.3,101.56,0
157,search,382.85,246.49,322.36,1
158,email,47.61,315.94,215.67,0
159,display,368.92,497.14,172.31,1
160,email,164.49,81.96,17.49,0
161,email,276.51,368.03,39.08,0
162,social,148.53,136.72,261.14,0
163,email,150.76,44.08,76.8,0
164,search,133.69,400.67,497.35,1
165,social,38.24,422.27,333.66,0
166,search,467.72,391.74,122.77,1
167,social,19.96,475.44,123.25,0
168,email,65.42,258.02,235.98,0
169,social,163.78,242.39,35.59,0
170,email,85.78,300.66,150.31,0
171,email,224.0,266.94,355.4,1
172,social,405.79,481.07,362.59,1
173,email,276.36,319.98,59.94,0
174,email,250.24,89.8,438.12,0
175,social,205.72,148.24,263.9,0
176,social,119.29,449.44,368.98,1
177,search,136.67,114.17,280.38,0
178,search,336.26,450.13,45.14,1
179,email,241.94,377.83,422.59,1
180,social,310.04,216.69,265.38,0
181,email,39.96,70.86,112.89,0
182,search,210.2,483.05,465.6,1
183,display,291.41,118.51,231.66,0
184,search,290.39,418.13,112.38,1
185,social,110.01,196.01,317.49,0
186,display,449.92,293.82,45.94,0
187,social,413.76,83.55,188.71,0
188,email,203.37,352.66,239.15,0
189,search,454.2,425.7,71.49,1
190,social,75.93,232.56,121.99,0
191,search,230.49,42.98,59.53,0
192,social,480.96,60.12,328.09,1
193,social,426.48,143.57,426.55,1
194,email,59.55,225.52,481.3,0
195,display,79.96,319.05,199.61,0
196,display,160.61,409.96,317.98,1
197,search,482.09,250.13,128.5,1
198,email,161.89,100.86,155.57,0
199,display,428.35,296.12,496.39,1
200,display,292.07,496.26,137.96,1
201,display,383.25,377.16,467.92,1
202,display,335.73,173.84,326.11,1
203,display,204.69,189.79,45.61,0
204,search,318.95,110.46,66.94,0
205,email,316.19,411.71,394.56,1
206,search,341.57,79.71,382.33,1
207,display,40.63,418.45,242.17,0
208,email,377.11,475.06,53.78,1
209,email,121.94,198.86,386.62,0
210,social,285.79,171.74,285.48,0
211,search,416.84,409.0,58.72,1
212,social,320.07,463.56,78.51,1
213,search,18.63,389.96,40.56,0
214,email,91.53,49.21,214.1,0
215,display,217.34,84.36,82.14,0
216,email,56.57,115.28,464.46,0
217,social,244.07,348.35,73.19,0
218,display,223.15,366.63,33.73,0
219,search,90.12,202.97,431.82,0
220,display,164.75,86.89,182.9,0
221,search,412.5,487.94,449.96,1
222,display,375.63,274.59,38.48,0
223,social,141.86,446.1,470.99,1
224,search,209.7,276.58,163.46,0
225,display,457.0,371.89,101.96,1
226,email,46.37,58.92,163.94,0
227,email,210.4,356.3,337.82,1
228,search,376.02,241.52,97.12,0
229,social,278.7,291.95,374.18,1
230,email,225.88,226.2,463.41,1
231,search,207.46,85.25,433.36,0
232,display,82.63,189.87,66.18,0
233,display,256.83,491.84,419.96,1
234,display,474.63,70.6,379.87,1
235,social,178.49,287.36,199.06,0
236,social,180.86,101.45,463.74,0
237,search,30.8,327.07,85.68,0
238,search,450.0,242.6,480.82,1
239,email,225.49,454.12,126.75,1
240,search,105.13,319.63,196.52,0
241,email,331.4,145.14,47.19,0
242,email,330.08,301.88,132.63,0
243,social,101.17,235.92,119.57,0
244,search,64.24,432.74,162.62,0
245,search,279.88,422.89,78.63,0
246,email,173.82,358.83,284.28,1
247,display,15.98,433.88,94.36,0
248,email,170.59,73.78,182.56,0
249,display,234.82,220.49,276.28,0
250,display,74.39,274.78,198.96,0
251,search,468.0,162.51,87.21,0
252,email,318.5,123.96,13.4,0
253,social,320.31,364.03,60.74,0
254,search,319.28,91.74,160.62,0
255,display,69.83,368.65,328.16,0
256,social,153.35,43.73,344.06,0
257,search,156.03,158.73,52.04,0
258,social,32.87,68.54,450.31,0
259,email,211.01,151.41,198.61,0
260,search,401.67,315.67,166.62,1
261,display,485.24,197.27,122.04,1
262,email,129.42,81.42,298.59,0
263,display,471.85,439.44,313.9,1
264,social,80.38,251.29,418.89,0
265,display,11.01,215.45,81.64,0
266,social,439.14,249.93,387.61,1
267,email,228.37,216.72,174.76,0
268,social,474.55,74.86,164.84,0
269,social,89.02,461.69,250.18,1
270,email,143.63,119.92,56.91,0
271,search,109.27,362.88,113.17,0
272,social,252.69,101.42,413.29,0
273,email,102.27,277.31,451.91,1
274,social,486.81,105.54,364.55,1
275,email,101.86,331.89,365.67,1
276,social,394.58,214.4,255.12,1
277,display,395.24,375.22,277.79,1
278,search,47.88,181.66,186.07,0
279,email,37.07,290.87,445.25,0
280,search,114.57,124.16,186.0,0
281,email,282.02,28.98,415.77,0
282,display,382.3,437.6,108.29,1
283,display,300.88,370.37,107.32,0
284,display,375.62,200.26,74.72,0
285,display,99.53,437.04,244.02,0
286,email,200.11,85.1,407.17,0
287,email,145.92,406.96,64.87,0
288,social,315.99,377.62,317.26,1
289,social,92.93,84.84,456.78,0
290,display,236.57,427.53,290.51,1
291,search,230.15,12.08,405.65,0
292,email,141.53,356.71,294.36,0
293,display,331.96,137.58,93.3,0
294,email,397.74,380.89,470.97,1
295,display,95.76,335.83,76.48,0
296,social,310.09,121.13,490.15,1
297,search,183.4,444.4,64.83,0
298,display,336.84,22.78,13.9,0
299,display,367.76,274.18,221.36,1
300,search,271.93,317.44,410.57,1
301,social,111.25,484.77,213.49,1
302,display,415.86,351.44,480.61,1
303,email,16.46,103.01,136.59,0
304,email,65.16,158.85,61.75,0
305,search,362.94,124.54,94.24,0
306,display,449.41,490.85,58.48,1
307,email,255.68,264.04,415.47,1
308,search,139.51,59.94,242.22,0
309,social,81.44,194.07,251.6,0
310,social,496.61,266.33,218.46,1
311,email,368.01,342.75,241.38,1
312,email,25.91,106.38,307.77,0
313,social,350.23,87.88,148.08,0
314,search,293.45,414.74,419.14,1
315,email,410.82,368.37,70.38,1
316,email,371.22,126.47,350.93,1
317,social,119.56,430.6,32.85,0
318,social,421.55,306.16,244.26,1
319,display,126.1,216.68,309.99,0
320,display,197.23,455.22,395.94,1
321,social,388.4,470.29,179.42,1
322,display,184.44,235.96,119.7,0
323,search,58.9,145.33,352.3,0
324,display,369.85,399.38,161.33,1
325,search,402.56,271.52,123.54,1
326,search,97.6,424.08,205.01,0
327,display,171.38,367.35,92.78,0
328,email,385.27,47.16,367.36,1
329,search,204.42,71.29,107.46,0
330,display,260.84,137.49,333.58,0
331,display,61.86,92.11,373.22,0
332,display,393.59,452.99,430.72,1
333,social,462.09,481.82,33.07,1
334,email,220.21,114.62,53.64,0
335,social,436.37,212.53,400.43,1
336,display,367.67,164.5,324.01,1
337,search,393.64,398.57,325.96,1
338,social,444.1,370.59,116.96,1
339,email,435.89,239.47,179.05,1
340,search,27.81,223.57,52.39,0
341,email,168.68,406.34,211.31,0
342,social,65.72,200.45,55.89,0
343,search,274.96,405.81,169.11,1
344,display,129.85,431.14,241.88,1
345,social,325.98,448.84,226.23,1
346,social,145.2,215.83,77.8,0
347,search,91.95,201.31,58.54,0
348,social,271.02,424.96,65.19,0
349,email,433.09,293.96,491.02,1
350,email,297.41,90.31,276.62,0
351,social,275.22,327.76,75.79,0
352,email,269.34,163.5,310.32,0
353,display,476.76,49.41,155.35,0
354,email,382.48,165.25,95.35,0
355,email,279.28,19.14,419.81,0
356,email,485.16,414.77,48.75,1
357,social,123.53,431.16,104.47,0
358,email,80.76,323.64,387.17,0
359,email,234.86,301.65,307.73,1
360,email,312.14,325.75,29.26,0
361,social,455.61,270.39,298.28,1
362,social,237.4,376.71,144.34,0
363,display,412.75,365.7,378.82,1
364,social,378.54,483.6,265.87,1
365,email,456.24,389.66,361.53,1
366,email,381.73,58.11,153.76,0
367,search,428.43,164.79,360.0,1
368,social,61.96,423.9,435.73,1
369,search,253.59,484.91,490.36,1
370,social,331.29,54.9,50.5,0
371,search,303.71,359.21,345.07,1
372,social,459.58,189.16,308.38,1
373,email,327.16,60.38,117.84,0
374,display,171.84,337.6,222.45,0
375,search,469.29,338.73,191.49,1
376,search,366.63,40.15,302.68,0
377,search,320.1,97.24,315.16,0
378,display,33.18,338.96,124.05,0
379,search,233.0,411.73,452.4,1
380,email,401.84,472.19,236.94,1
381,email,131.34,18.65,412.07,0
382,social,413.11,131.69,405.51,1
383,search,56.66,46.97,160.18,0
384,email,80.21,360.2,83.9,0
385,display,163.3,213.57,63.43,0
386,display,41.34,405.63,303.9,0
387,search,129.85,284.02,127.4,0
388,search,215.23,426.27,435.36,1
389,display,117.82,209.58,396.29,0
390,email,189.72,187.73,237.57,0
391,email,225.32,252.51,247.44,0
392,social,15.31,337.24,126.4,0
393,display,372.54,431.22,76.24,1
394,social,262.25,36.65,344.9,0
395,email,55.98,120.73,195.53,0
396,social,72.22,199.35,206.26,0
397,social,110.5,297.28,230.4,0
398,display,325.05,420.75,101.59,1
399,search,201.7,385.47,499.91,1
400,email,434.71,186.09,166.72,0
401,search,113.31,164.6,448.69,0
402,email,224.75,382.83,172.87,0
403,social,254.52,368.05,64.44,0
404,email,426.55,307.39,161.16,1
405,display,79.81,381.03,419.6,1
406,search,440.24,483.62,458.95,1
407,social,307.95,44.01,302.97,0
408,social,14.06,363.41,164.69,0
409,display,53.38,351.49,189.11,0
410,display,472.32,28.86,343.55,1
411,email,63.93,479.95,360.93,1
412,search,110.41,233.5,161.11,0
413,email,109.28,487.77,67.31,0
414,display,330.15,245.55,223.2,1
415,email,89.82,322.54,101.88,0
416,search,109.35,185.56,195.84,0
417,display,11.89,430.66,298.43,0
418,display,439.77,70.29,161.69,0
419,social,132.89,441.63,332.36,1
420,display,441.19,198.69,302.27,1
421,email,105.18,42.05,230.52,0
422,search,175.68,290.37,343.27,1
423,social,486.69,312.72,273.04,1
424,search,382.05,201.56,255.32,1
425,display,426.44,124.99,203.48,0
426,email,475.03,81.89,399.75,1
427,search,111.99,363.55,223.07,0
428,email,279.32,171.39,45.21,0
429,display,496.42,125.5,375.11,1
430,search,16.53,228.43,429.09,0
431,email,90.41,204.51,333.95,0
432,email,258.75,490.83,451.91,1
433,display,35.26,169.32,277.93,0
434,email,452.36,112.64,206.72,0
435,display,264.92,271.24,55.29,0
436,social,264.76,371.1,242.55,1
437,search,334.01,38.26,464.71,1
438,display,373.58,375.34,362.23,1
439,display,229.08,372.13,199.6,1
440,email,286.72,316.8,369.29,1
441,social,146.09,113.17,473.98,0
442,search,442.98,74.15,270.14,0
443,social,116.07,336.11,143.77,0
444,social,137.62,498.23,467.08,1
445,display,233.54,443.66,261.93,1
446,search,129.33,148.24,178.85,0
447,search,234.84,230.43,69.3,0
448,search,109.07,486.02,229.74,1
449,social,75.88,108.09,388.41,0
450,display,396.4,167.07,249.09,1
451,social,349.9,172.47,441.53,1
452,display,465.21,489.31,156.25,1
453,social,214.36,439.23,102.13,0
454,display,87.64,291.87,147.19,0
455,display,295.23,84.3,284.07,0
456,search,381.68,415.64,478.23,1
457,email,163.5,25.73,431.68,0
458,social,375.27,281.87,376.98,1
459,search,432.41,366.65,333.96,1
460,search,306.06,224.69,325.19,1
461,social,231.92,184.87,321.13,0
462,email,490.12,438.31,348.6,1
463,social,217.57,66.07,256.84,0
464,social,95.36,253.96,169.69,0
465,email,180.72,283.38,278.18,0
466,social,140.91,29.67,111.67,0
467,display,422.38,181.87,393.23,1
468,display,113.86,56.39,330.0,0
469,email,308.15,51.56,158.42,0
470,display,212.37,41.29,80.19,0
471,social,373.26,152.09,454.03,1
472,search,30.01,232.31,283.29,0
473,display,216.43,10.45,370.77,0
474,display,185.4,430.79,290.37,1
475,social,64.8,451.79,44.44,0
476,display,281.38,21.86,194.02,0
477,social,136.95,141.93,292.34,0
478,search,147.71,496.02,238.08,1
479,email,373.52,17.66,404.09,0
480,search,269.81,117.08,250.92,0
481,email,438.19,287.8,160.25,1
482,display,419.04,256.53,48.01,0
483,search,25.99,74.18,305.8,0
484,display,183.21,330.19,437.53,1
485,social,113.1,268.02,468.25,1
486,search,379.31,335.8,414.59,1
487,display,79.16,150.14,87.82,0
488,email,452.82,165.54,436.15,1
489,social,23.93,23.64,375.87,0
490,display,133.7,447.51,235.12,1
491,search,397.9,133.6,467.33,1
492,social,43.57,84.24,105.37,0
493,email,315.54,446.84,145.59,1
494,social,102.56,203.25,334.55,0
495,display,118.43,307.38,151.59,0
496,social,268.13,16.96,442.63,0
497,social,307.74,471.04,438.64,1
498,search,25.09,351.16,215.27,0
499,search,257.04,404.51,264.65,1
500,display,171.3,121.79,161.42,0
501,social,265.73,92.3,16.88,0
502,search,15.46,133.97,295.77,0
503,social,36.13,248.05,157.93,0
504,search,497.15,245.88,24.43,0
505,social,24.88,122.54,281.45,0
506,display,246.33,298.77,211.17,0
507,display,206.61,402.73,309.79,1
508,search,233.48,470.6,165.1,1
509,social,386.04,434.95,26.26,1
510,social,352.88,237.58,373.08,1
511,social,89.4,347.61,228.58,0
512,display,360.43,451.86,474.38,1
513,email,86.26,328.64,481.66,1
514,social,266.85,266.04,275.64,1
515,email,218.06,16.49,469.96,0
516,display,58.38,260.6,311.52,0
517,search,282.52,310.72,15.33,0
518,display,263.3,367.81,232.68,1
519,search,436.48,39.62,327.48,1
520,email,305.53,200.91,213.59,0
521,search,454.33,233.29,12.0,0
522,social,29.36,219.42,235.62,0
523,email,303.67,359.76,346.67,1
524,email,164.59,199.11,26.76,0
525,email,332.5,428.11,156.37,1
526,social,229.43,134.67,330.49,0
527,display,328.12,363.65,178.98,1
528,search,439.44,268.71,284.69,1
529,display,354.54,159.55,355.81,1
530,search,396.16,261.19,305.56,1
531,email,414.45,132.54,465.17,1
532,search,288.97,218.17,196.01,0
533,social,120.35,458.65,30.1,0
534,search,36.84,293.42,275.48,0
535,display,83.98,450.56,262.61,0
536,email,238.13,411.6,311.61,1
537,email,469.22,210.1,29.65,0
538,email,220.41,81.84,353.67,0
539,display,220.75,276.09,62.47,0
540,display,335.99,246.44,306.25,1
541,email,285.28,124.25,271.68,0
542,email,412.93,331.34,274.6,1
543,search,325.6,275.6,254.51,1
544,social,259.85,345.87,482.18,1
545,social,281.19,202.99,339.17,1
546,email,44.15,426.17,396.05,1
547,search,49.04,160.04,388.94,0
548,social,43.09,327.39,119.96,0
549,email,97.9,322.27,452.98,1
550,search,451.69,148.15,118.27,0
551,display,218.32,483.03,81.17,0
552,social,370.01,128.74,430.84,1
553,display,53.71,409.06,54.59,0
554,social,26.55,104.23,10.14,0
555,social,211.64,26.89,19.78,0
556,search,372.93,184.1,267.38,1
557,search,410.27,116.83,239.58,0
558,social,151.09,398.09,426.5,1
559,social,136.09,185.29,426.4,0
560,display,241.89,33.01,43.76,0
561,email,490.78,420.78,231.46,1
562,email,318.75,347.01,72.2,0
563,social,451.89,420.26,390.7,1
564,social,289.02,97.75,152.01,0
565,email,425.86,412.27,408.72,1
566,social,219.71,193.44,447.21,1
567,social,284.14,117.28,44.85,0
568,display,248.72,453.74,406.61,1
569,email,455.16,166.19,466.42,1
570,social,58.3,68.84,119.83,0
571,display,38.43,324.11,433.72,0
572,email,290.69,436.12,72.43,1
573,email,474.53,473.59,429.89,1
574,display,318.14,391.09,358.48,1
575,display,245.12,442.91,183.55,1
576,search,359.54,287.31,22.81,0
577,email,317.77,154.18,355.2,1
578,social,90.71,83.72,296.94,0
579,social,54.19,205.37,273.99,0
580,display,218.19,109.39,221.83,0
581,search,282.15,431.1,31.48,0
582,display,121.93,176.5,197.07,0
583,display,358.41,433.64,236.58,1
584,display,275.73,155.95,431.31,1
585,search,275.92,458.0,77.25,1
586,display,150.0,136.98,484.44,0
587,display,34.56,32.29,212.58,0
588,social,23.29,128.48,346.86,0
589,search,111.48,35.61,250.9,0
590,social,330.01,485.66,213.49,1
591,display,475.86,443.58,255.41,1
592,search,335.56,291.82,236.2,1
593,email,53.35,36.15,224.71,0
594,social,147.69,191.55,430.45,0
595,search,148.21,468.29,385.22,1
596,social,418.68,199.76,167.1,0
597,display,421.34,259.96,304.76,1
598,social,274.4,235.49,469.62,1
599,search,124.69,86.98,480.88,0
600,social,41.54,78.26,103.43,0
601,search,71.11,213.73,231.4,0
602,social,199.8,349.72,51.8,0
603,social,166.32,382.23,340.36,1
604,social,260.4,464.04,218.59,1
605,social,165.4,352.29,494.74,1
606,social,46.38,90.05,436.31,0
607,social,473.4,226.83,163.47,1
608,social,138.03,141.47,225.79,0
609,social,93.69,100.71,340.46,0
610,search,67.67,178.65,319.73,0
611,social,265.8,93.68,313.2,0
612,email,50.73,36.84,168.21,0
613,email,174.74,284.09,283.0,0
614,display,48.77,190.1,82.88,0
615,display,17.88,393.35,374.69,0
616,social,465.15,313.11,19.55,1
617,social,346.51,353.74,246.83,1
618,search,473.46,155.02,205.7,1
619,email,423.68,23.78,312.38,0
620,display,434.26,41.19,226.92,0
621,display,97.35,459.94,458.88,1
622,email,469.32,61.62,306.41,1
623,search,104.84,436.53,351.1,1
624,email,149.1,137.5,145.74,0
625,email,228.53,106.1,72.61,0
626,search,350.46,41.86,91.91,0
627,social,34.6,243.53,472.03,0
628,search,297.12,41.94,113.56,0
629,display,486.62,125.92,372.19,1
630,email,356.92,229.39,472.79,1
631,display,127.58,358.2,380.03,1
632,search,431.18,141.93,164.92,0
633,search,325.22,231.42,253.44,1
634,social,199.89,141.02,327.71,0
635,display,313.46,277.12,115.72,0
636,search,23.43,67.17,296.94,0
637,display,351.29,444.35,209.07,1
638,social,164.73,203.03,280.32,0
639,email,199.57,91.19,310.28,0
640,display,47.6,44.21,226.48,0
641,search,200.61,450.16,162.38,1
642,search,349.98,88.8,309.42,0
643,display,289.64,442.96,351.87,1
644,social,405.8,85.81,97.61,0
645,social,257.57,59.08,312.41,0
646,search,436.03,108.38,42.05,0
647,search,425.98,31.69,415.61,1
648,email,32.45,463.84,48.61,0
649,social,145.87,246.34,306.6,0
650,display,393.65,167.0,274.97,1
651,email,114.69,275.54,448.2,1
652,email,219.71,473.01,409.11,1
653,social,304.79,398.64,116.38,1
654,search,58.89,337.02,96.91,0
655,display,138.65,84.39,54.28,0
656,search,105.09,190.73,128.86,0
657,display,223.43,437.81,91.7,0
658,search,450.55,466.6,403.01,1
659,email,154.41,387.34,464.68,1
660,social,382.66,108.84,159.73,0
661,display,278.1,449.84,284.23,1
662,email,24.91,79.62,346.62,0
663,search,427.2,288.21,253.14,1
664,search,383.35,462.67,33.41,1
665,email,374.16,186.79,252.99,1
666,email,108.15,415.72,43.82,0
667,email,119.3,266.45,443.03,1
668,display,464.03,51.01,491.2,1
669,email,459.28,57.64,38.78,0
670,display,202.74,152.2,221.71,0
671,search,36.99,342.21,200.3,0
672,email,150.34,279.77,100.29,0
673,social,485.31,464.78,487.16,1
674,social,93.69,255.97,353.8,0
675,email,115.07,261.27,235.45,0
676,social,79.37,17.34,154.13,0
677,search,87.47,32.24,59.68,0
678,email,83.13,16.7,246.91,0
679,social,487.39,56.12,322.41,1
680,search,282.36,307.1,87.86,0
681,social,266.95,221.75,152.94,0
682,display,410.74,387.09,141.6,1
683,display,414.18,125.63,14.55,0
684,search,89.45,261.0,437.99,0
685,display,230.68,417.47,367.54,1
686,social,313.67,125.06,255.32,0
687,social,321.7,318.86,481.07,1
688,email,335.61,61.75,245.78,0
689,email,388.61,331.67,27.3,0
690,display,73.77,127.53,410.15,0
691,search,280.89,320.6,207.24,1
692,display,48.52,144.8,259.58,0
693,search,57.43,441.81,453.05,1
694,social,147.54,467.5,260.97,1
695,social,320.88,179.76,358.19,1
696,search,185.3,386.22,215.81,0
697,social,32.1,384.67,291.45,0
698,social,217.89,11.61,97.7,0
699,email,282.02,26.88,461.59,0
700,search,258.74,25.2,279.56,0
701,email,409.29,231.84,282.72,1
702,display,489.05,345.24,394.71,1
703,email,193.8,280.54,287.91,0
704,display,393.41,274.92,67.24,0
705,search,268.41,406.2,129.7,1
706,email,114.17,278.97,337.41,0
707,email,321.42,283.12,75.2,0
708,search,441.16,471.49,376.11,1
709,search,400.75,306.02,480.44,1
710,search,341.88,480.63,450.11,1
711,search,93.5,241.98,351.05,0
712,search,39.36,353.02,398.27,0
713,social,380.59,74.75,277.15,0
714,social,270.05,437.5,142.17,1
715,social,233.7,359.14,439.16,1
716,display,103.62,69.91,337.35,0
717,display,426.29,94.72,87.78,0
718,display,328.46,40.91,211.65,0
719,social,316.02,285.81,410.87,1
720,display,176.87,187.43,11.31,0
721,email,249.92,231.7,314.98,0
722,display,85.61,373.2,367.2,1
723,email,441.64,448.43,16.9,1
724,social,388.99,359.96,65.2,1
725,search,112.46,407.94,323.6,1
726,display,258.42,342.6,108.44,0
727,display,255.51,91.03,129.0,0
728,search,311.92,349.67,137.29,1
729,social,301.43,319.0,83.92,0
730,social,134.92,85.37,487.79,0
731,email,197.97,141.1,139.42,0
732,email,222.95,407.78,364.45,1
733,social,13.16,388.03,481.91,1
734,email,96.99,428.06,380.5,1
735,search,84.57,84.87,412.22,0
736,search,423.38,492.09,295.92,1
737,email,414.28,164.08,392.63,1
738,display,62.77,112.63,431.38,0
739,social,247.23,62.03,238.04,0
740,email,420.65,120.13,177.42,0
741,email,365.42,21.59,183.64,0
742,display,18.68,45.92,421.54,0
743,email,237.59,300.06,315.19,1
744,search,45.64,225.48,417.76,0
745,email,145.2,236.62,179.99,0
746,display,426.21,166.67,343.26,1
747,search,391.73,275.71,169.33,1
748,email,392.72,252.46,91.01,0
749,email,347.93,205.02,214.88,0
750,display,214.3,219.48,363.37,0
751,search,498.87,225.26,479.16,1
752,display,396.39,409.56,84.05,1
753,social,450.8,133.83,19.11,0
754,search,305.52,148.92,282.12,0
755,social,392.51,258.86,267.24,1
756,search,398.63,144.82,204.8,0
757,search,267.78,311.39,329.12,1
758,social,266.76,105.8,492.56,1
759,email,452.61,433.66,449.64,1
760,email,10.64,136.33,177.96,0
761,social,126.47,124.98,161.42,0
762,email,309.33,380.23,381.25,1
763,email,203.51,29.47,11.27,0
764,social,459.69,350.21,288.47,1
765,social,276.61,402.49,48.32,0
766,display,370.66,291.21,250.96,1
767,display,39.72,239.68,377.01,0
768,social,393.99,86.23,450.64,1
769,search,186.46,202.35,471.04,1
770,email,308.14,180.93,54.51,0
771,social,106.88,12.8,417.04,0
772,social,61.19,31.44,394.35,0
773,search,437.3,104.8,341.87,1
774,display,92.25,131.29,376.47,0
775,email,324.56,391.3,318.8,1
776,search,313.04,88.35,378.4,0
777,search,303.69,486.63,314.6,1
778,display,495.55,129.53,242.22,1
779,display,243.89,456.35,403.43,1
780,email,54.73,11.43,497.16,0
781,social,459.05,278.8,433.27,1
782,social,124.46,30.6,220.24,0
783,email,39.45,232.79,367.74,0
784,email,437.24,203.17,185.73,1
785,search,110.34,450.43,495.59,1
786,social,476.75,81.38,233.48,0
787,display,341.34,102.03,447.82,1
788,display,285.25,422.26,256.2,1
789,display,219.04,442.73,279.11,1
790,social,139.44,338.01,487.3,1
791,display,48.64,343.34,185.47,0
792,search,189.92,183.78,213.78,0
793,search,380.15,107.96,267.69,0
794,email,297.07,161.36,194.92,0
795,search,159.71,403.34,427.78,1
796,social,429.65,96.7,95.05,0
797,social,147.86,332.47,131.15,0
798,email,410.29,81.31,310.54,1
799,display,339.17,496.3,45.88,1
800,email,306.45,201.67,294.2,1
801,social,282.87,123.23,322.98,0
802,social,495.47,199.41,488.82,1
803,display,149.97,222.69,149.11,0
804,social,293.61,161.39,339.65,0
805,social,377.89,354.55,366.98,1
806,display,184.45,461.13,310.63,1
807,search,372.49,162.32,425.63,1
808,social,100.48,159.77,208.93,0
809,search,260.16,165.96,425.61,1
810,display,372.25,372.19,246.17,1
811,email,461.08,31.53,201.06,0
812,social,67.74,146.62,487.21,0
813,display,145.8,161.21,196.59,0
814,display,105.44,441.95,275.35,1
815,social,41.24,310.57,494.04,1
816,display,243.25,216.09,111.97,0
817,social,339.91,472.98,19.16,1
818,search,165.59,271.84,497.16,1
819,display,139.02,99.93,496.91,0
820,social,408.99,60.53,334.99,1
821,display,50.76,244.28,302.21,0
822,email,175.93,333.36,406.71,1
823,search,29.9,435.77,28.6,0
824,email,358.66,109.19,323.19,0
825,social,278.35,92.01,447.21,1
826,display,278.65,149.91,50.29,0
827,search,24.24,482.84,133.18,0
828,email,39.1,46.92,395.24,0
829,email,388.08,251.11,93.65,0
830,search,445.21,372.75,199.34,1
831,display,253.48,278.65,102.53,0
832,social,219.05,24.91,130.46,0
833,display,229.07,94.75,11.32,0
834,search,330.01,485.1,36.43,1
835,social,304.47,319.79,464.49,1
836,email,144.44,397.29,11.46,0
837,display,405.05,171.64,149.87,0
838,email,306.28,483.55,273.93,1
839,display,349.52,469.06,144.4,1
840,search,487.61,229.47,10.81,0
841,search,207.66,96.14,437.61,0
842,search,486.8,220.75,218.81,1
843,email,84.91,365.12,252.19,0
844,display,254.15,379.4,474.38,1
845,display,451.05,312.39,115.1,1
846,display,59.33,385.89,79.48,0
847,search,490.66,400.8,160.62,1
848,display,80.01,29.27,38.68,0
849,social,473.01,402.93,422.41,1
850,social,64.54,330.7,368.45,0
851,display,421.73,206.52,327.47,1
852,display,105.73,155.26,121.47,0
853,search,130.09,221.87,395.38,0
854,social,109.74,154.74,256.65,0
855,search,151.87,138.49,398.73,0
856,display,11.69,90.99,422.49,0
857,social,333.26,469.68,163.35,1
858,email,67.63,36.8,290.53,0
859,display,204.73,237.88,459.28,1
860,email,229.6,263.82,263.12,0
861,display,236.52,216.03,353.71,1
862,search,95.7,331.2,236.49,0
863,display,263.87,306.99,145.63,0
864,social,63.58,287.12,144.66,0
865,social,42.38,158.69,115.53,0
866,social,70.36,123.61,212.27,0
867,search,420.26,264.12,318.98,1
868,email,385.92,120.28,81.81,0
869,display,258.6,400.28,473.93,1
870,display,140.69,429.55,459.73,1
871,email,254.57,431.07,159.07,1
872,display,221.2,277.19,400.16,1
873,search,369.04,392.14,288.42,1
874,email,136.52,341.27,240.05,0
875,search,330.43,26.27,16.37,0
876,search,396.83,190.39,455.74,1
877,search,241.7,53.81,227.14,0
878,search,157.79,104.16,279.67,0
879,email,113.33,298.73,236.48,0
880,social,202.31,194.63,233.93,0
881,display,159.37,279.81,310.94,0
882,display,63.71,121.73,82.17,0
883,display,105.78,51.31,422.16,0
884,display,222.77,49.85,237.05,0
885,social,452.12,390.53,402.72,1
886,search,383.31,264.5,172.39,1
887,display,147.56,453.15,384.07,1
888,search,60.8,380.94,54.03,0
889,social,115.74,241.03,397.72,0
890,social,353.82,63.72,334.29,0
891,social,78.55,129.9,362.14,0
892,display,483.66,404.28,276.2,1
893,display,231.11,45.15,214.77,0
894,social,353.72,409.76,417.56,1
895,email,199.62,193.22,450.05,1
896,display,157.51,326.78,435.99,1
897,display,140.41,477.5,277.04,1
898,display,215.78,370.69,332.62,1
899,email,408.44,371.08,472.5,1
900,display,344.33,45.94,186.06,0
901,social,135.33,190.88,168.8,0
902,social,355.59,218.44,235.92,1
903,social,294.36,208.08,118.67,0
904,social,446.76,22.73,92.19,0
905,display,294.59,16.18,225.97,0
906,social,310.53,349.52,362.75,1
907,social,336.6,438.45,132.08,1
908,display,422.67,51.86,445.91,1
909,search,87.43,178.65,473.88,0
910,social,119.93,292.71,281.98,0
911,search,166.35,432.73,305.4,1
912,social,129.05,290.71,183.77,0
913,search,361.96,448.49,285.68,1
914,email,216.61,416.46,87.41,0
915,display,274.54,104.61,464.22,1
916,search,71.23,170.78,154.22,0
917,social,360.92,446.02,124.59,1
918,search,359.26,226.63,484.38,1
919,display,292.26,42.85,352.87,0
920,display,361.94,167.46,245.66,0
921,email,47.81,231.92,73.63,0
922,email,182.33,147.53,329.36,0
923,social,246.03,272.9,267.12,0
924,email,310.7,355.92,159.38,1
925,display,372.94,448.73,355.57,1
926,email,398.9,222.02,362.1,1
927,display,233.31,151.05,132.57,0
928,social,198.82,87.01,102.26,0
929,display,243.85,137.65,367.21,0
930,display,77.82,464.68,79.64,0
931,display,47.54,13.13,164.52,0
932,email,206.38,368.03,426.82,1
933,email,437.31,162.86,130.21,0
934,email,60.37,415.49,57.7,0
935,email,374.55,462.54,460.38,1
936,email,456.67,285.01,371.03,1
937,display,240.15,104.67,483.93,1
938,email,442.69,129.48,30.39,0
939,search,332.02,68.59,370.06,0
940,social,14.6,296.62,382.15,0
941,email,387.98,279.62,498.72,1
942,display,266.76,92.32,319.07,0
943,social,46.01,430.36,482.89,1
944,social,495.14,288.32,460.76,1
945,display,445.73,117.42,217.16,0
946,display,487.89,279.66,345.61,1
947,email,166.29,172.76,428.31,0
948,email,151.0,321.16,394.18,1
949,social,315.96,498.64,297.48,1
950,email,409.41,461.37,257.29,1
951,display,327.71,33.05,333.63,0
952,email,492.83,309.4,66.29,1
953,display,283.35,290.9,457.93,1
954,display,393.25,445.23,13.88,1
955,display,482.61,494.84,177.83,1
956,email,366.13,287.67,335.33,1
957,display,174.16,421.92,236.98,1
958,email,358.76,171.69,264.59,0
959,social,293.91,267.25,317.53,1
960,search,129.5,81.76,23.75,0
961,display,263.97,463.4,240.21,1
962,display,22.67,217.39,293.74,0
963,email,263.01,75.81,306.6,0
964,search,316.03,72.56,417.46,1
965,search,388.02,345.64,352.22,1
966,email,487.39,385.08,208.88,1
967,search,74.48,319.59,466.0,1
968,display,138.09,370.18,146.2,0
969,email,434.11,31.05,415.36,1
970,search,283.93,298.69,194.56,0
971,search,467.63,372.16,133.41,1
972,email,33.82,92.87,259.78,0
973,email,316.79,433.74,181.81,1
974,email,475.05,373.57,458.36,1
975,search,430.17,360.08,351.56,1
976,email,359.77,392.56,380.92,1
977,search,309.68,267.67,458.61,1
978,email,466.46,102.01,152.83,0
979,social,348.77,467.53,140.25,1
980,search,114.59,354.41,370.55,1
981,search,140.86,431.62,279.24,1
982,email,114.14,264.51,366.61,0
983,search,477.84,404.93,303.14,1
984,search,186.95,322.15,166.74,0
985,display,375.16,207.58,257.31,1
986,display,348.04,312.56,197.2,1
987,social,90.98,147.66,259.4,0
988,email,491.48,252.58,278.47,1
989,email,400.69,340.21,306.88,1
990,social,273.21,78.18,372.39,0
991,social,247.85,82.67,486.01,1
992,email,276.46,422.02,489.06,1
993,email,133.24,465.71,357.06,1
994,email,170.62,404.85,421.76,1
995,search,186.64,487.03,393.05,1
996,search,21.34,328.03,59.8,0
997,display,31.13,365.65,204.94,0
998,email,370.84,339.3,184.94,1
999,search,25.67,465.82,306.48,1
1000,display,273.51,54.59,427.86,0
1001,email,148.93,339.72,172.24,0
1002,display,166.47,78.92,241.66,0
1003,search,186.42,442.59,53.41,0
1004,display,499.54,300.73,219.2,1
1005,search,104.28,126.38,336.77,0
1006,search,127.66,145.04,269.51,0
1007,social,110.08,206.29,458.28,0
1008,social,348.7,299.78,145.23,0
1009,social,73.88,345.22,102.79,0
1010,email,193.63,81.02,238.57,0
1011,email,125.46,106.18,92.84,0
1012,email,220.46,462.9,46.71,0
1013,search,57.57,365.2,63.5,0
1014,social,138.98,442.93,344.59,1
1015,search,495.43,386.29,49.89,1
1016,search,202.73,180.7,406.52,0
1017,email,51.51,338.38,83.15,0
1018,search,232.05,40.52,63.01,0
1019,display,37.85,495.73,82.9,0
1020,display,78.71,222.13,356.08,0
1021,social,325.23,219.56,463.61,1
1022,social,365.26,120.4,300.54,0
1023,email,269.0,336.14,490.3,1
1024,social,152.09,487.79,317.77,1
1025,search,472.3,107.54,182.58,0
1026,search,493.91,392.5,308.34,1
1027,search,112.85,479.88,187.62,0
1028,display,93.59,401.09,76.84,0
1029,display,496.49,48.8,86.33,0
1030,email,94.13,151.14,480.9,0
1031,display,57.23,104.45,349.04,0
1032,search,130.11,179.97,468.11,0
1033,social,228.89,300.95,190.74,0
1034,email,444.52,352.08,283.2,1
1035,search,488.19,434.46,320.87,1
1036,email,327.86,135.33,28.42,0
1037,search,282.51,496.54,419.03,1
1038,email,490.3,272.2,467.51,1
1039,display,402.44,17.26,43.56,0
1040,display,186.15,341.63,421.46,1
1041,social,382.72,370.79,49.29,1
1042,search,490.26,68.17,327.79,1
1043,email,431.46,74.93,277.79,0
1044,social,38.66,301.53,399.41,0
1045,social,211.7,445.2,247.75,1
1046,email,260.72,190.05,325.81,0
1047,display,224.31,435.37,490.46,1
1048,social,44.46,176.53,415.08,0
1049,display,91.51,313.42,373.46,0
1050,search,314.25,153.92,203.04,0
1051,email,12.65,465.29,449.95,1
1052,display,131.75,403.05,148.95,0
1053,display,70.79,199.76,83.26,0
1054,search,361.4,442.84,194.6,1
1055,display,427.91,28.26,201.64,0
1056,search,428.42,248.26,84.02,0
1057,display,229.79,309.79,349.02,1
1058,display,347.29,390.03,114.45,1
1059,search,340.63,248.23,305.56,1
1060,display,153.24,192.41,267.33,0
1061,search,499.38,418.24,252.68,1
1062,search,381.39,269.6,11.1,0
1063,display,175.04,47.13,371.67,0
1064,social,460.89,71.0,484.55,1
1065,search,399.8,494.98,82.93,1
1066,social,153.14,197.9,122.06,0
1067,social,322.2,67.84,274.95,0
1068,social,407.55,285.72,224.86,1
1069,email,405.69,491.6,66.6,1
1070,search,105.48,113.89,281.67,0
1071,display,176.05,322.57,255.56,0
1072,display,378.45,193.19,223.31,0
1073,display,460.65,163.71,418.11,1
1074,email,138.44,145.16,163.92,0
1075,display,487.86,396.55,61.0,1
1076,display,196.09,29.9,390.17,0
1077,search,460.07,238.46,298.15,1
1078,social,470.13,164.18,296.74,1
1079,display,362.61,219.16,35.84,0
1080,display,336.92,390.47,104.48,1
1081,search,121.8,478.4,470.45,1
1082,search,246.17,222.35,43.9,0
1083,email,205.77,267.31,249.08,0
1084,email,82.19,263.91,105.42,0
1085,social,473.34,64.41,480.46,1
1086,search,412.15,46.66,232.78,0
1087,display,260.59,254.42,326.85,1
1088,search,53.37,124.54,71.29,0
1089,email,11.6,154.09,184.95,0
1090,social,45.63,68.62,283.99,0
1091,search,361.47,289.66,192.33,1
1092,display,107.37,332.12,127.12,0
1093,search,244.25,426.33,299.95,1
1094,display,481.01,217.84,110.47,1
1095,email,481.84,57.22,14.9,0
1096,email,459.09,363.52,292.21,1
1097,social,455.95,201.54,40.56,0
1098,search,463.44,346.31,121.9,1
1099,social,84.27,321.2,258.36,0
1100,email,483.99,58.83,64.48,0
1101,social,125.16,470.22,326.7,1
1102,display,472.89,56.05,291.64,1
1103,social,176.76,19.62,102.09,0
1104,search,95.03,157.25,378.28,0
1105,email,278.36,66.09,62.59,0
1106,social,159.68,217.85,26.64,0
1107,social,295.65,310.41,340.32,1
1108,social,496.1,187.9,350.59,1
1109,email,330.23,97.15,316.86,0
1110,email,430.34,472.78,96.2,1
1111,social,256.58,239.72,20.42,0
1112,email,249.47,127.42,323.27,0
1113,display,22.4,400.24,181.98,0
1114,email,309.11,54.18,339.26,0
1115,email,352.67,238.81,375.56,1
1116,display,434.8,293.37,133.11,1
1117,social,413.51,108.94,359.96,1
1118,email,35.97,409.49,248.32,0
1119,search,318.35,270.52,463.39,1
1120,email,158.0,385.4,431.61,1
1121,search,425.09,420.65,264.71,1
1122,social,332.66,370.26,409.94,1
1123,email,112.07,483.52,72.42,0
1124,search,316.47,153.48,472.53,1
1125,email,180.83,400.94,310.65,1
1126,display,51.65,408.98,243.87,0
1127,display,482.52,27.99,142.3,0
1128,social,13.7,440.13,369.2,1
1129,search,340.04,56.46,354.36,0
1130,search,102.42,334.17,219.4,0
1131,display,428.46,423.74,311.71,1
1132,search,93.79,426.74,195.79,0
1133,email,90.96,433.77,277.81,1
1134,display,106.02,194.62,222.39,0
1135,display,274.93,87.79,358.63,0
1136,display,312.37,499.62,157.91,1
1137,search,278.29,397.42,260.04,1
1138,display,243.5,456.82,409.94,1
1139,search,272.55,428.16,39.73,0
1140,search,159.63,383.45,367.01,1
1141,search,21.32,118.38,103.78,0
1142,social,330.87,75.06,71.09,0
1143,email,390.62,392.83,374.79,1
1144,display,333.22,44.13,116.78,0
1145,email,235.93,218.65,154.94,0
1146,display,41.35,273.07,387.02,0
1147,email,91.4,162.67,289.45,0
1148,social,130.86,31.3,249.11,0
1149,display,168.91,223.68,385.84,0
1150,display,480.88,153.84,209.5,1
1151,display,377.95,409.11,120.66,1
1152,search,355.84,32.47,249.93,0
1153,email,467.6,158.26,59.66,0
1154,display,297.19,298.78,208.37,1
1155,social,57.0,372.47,97.8,0
1156,search,454.2,350.82,153.72,1
1157,email,491.47,196.08,131.23,1
1158,display,343.55,216.08,454.94,1
1159,email,12.16,382.73,307.07,0
1160,social,224.6,280.2,72.91,0
1161,display,76.93,135.44,442.03,0
1162,email,479.91,310.92,316.05,1
1163,search,462.77,402.62,250.24,1
1164,display,420.85,349.97,372.11,1
1165,display,100.41,335.17,154.19,0
1166,social,312.29,301.17,285.75,1
1167,social,236.88,439.62,266.88,1
1168,search,86.59,443.33,384.82,1
1169,search,288.35,204.67,118.06,0
1170,email,175.93,299.32,128.9,0
1171,search,55.35,400.48,141.91,0
1172,search,203.55,333.8,10.9,0
1173,social,269.62,283.8,399.93,1
1174,display,427.5,116.51,451.68,1
1175,search,433.64,257.46,369.39,1
1176,social,116.6,453.4,377.94,1
1177,email,475.64,320.14,331.89,1
1178,email,310.53,405.99,362.2,1
1179,social,361.6,262.74,304.47,1
1180,search,143.47,425.04,244.69,1
1181,email,482.11,192.53,129.71,1
1182,display,266.33,162.96,150.1,0
1183,display,497.95,156.66,349.08,1
1184,email,102.77,334.75,348.59,0
1185,display,107.33,70.78,252.65,0
1186,display,137.82,121.48,217.07,0
1187,search,373.06,80.15,160.67,0
1188,email,120.38,406.54,302.47,1
1189,email,57.91,98.45,296.26,0
1190,email,287.83,441.38,158.44,1
1191,display,353.94,411.75,340.56,1
1192,search,476.73,19.92,141.24,0
1193,social,327.54,441.75,158.1,1
1194,email,330.09,304.41,446.25,1
1195,search,21.46,352.16,109.11,0
1196,social,149.05,440.14,443.34,1
1197,social,344.3,207.03,363.54,1
1198,email,322.98,49.71,269.31,0
1199,display,483.69,214.51,193.61,1
1200,search,131.81,324.37,90.87,0
1201,email,486.88,97.6,454.75,1
1202,display,89.06,429.56,220.47,0
1203,social,82.11,187.35,478.73,0
1204,social,116.31,151.07,92.37,0
1205,social,301.07,407.14,419.22,1
1206,search,398.08,182.08,259.44,1
1207,social,43.52,166.81,388.16,0
1208,social,68.51,403.49,301.07,0
1209,email,35.44,274.3,311.28,0
1210,search,299.64,168.93,291.04,0
1211,search,221.24,160.81,250.56,0
1212,display,358.01,325.46,340.32,1
1213,email,259.7,57.49,211.25,0
1214,display,113.72,377.71,79.15,0
1215,email,144.24,184.62,448.56,0
1216,search,285.25,21.31,343.97,0
1217,social,486.7,262.69,215.63,1
1218,search,374.72,99.67,180.24,0
1219,display,100.35,382.72,144.49,0
1220,email,54.67,202.32,155.04,0
1221,search,40.88,215.09,162.29,0
1222,display,130.24,256.97,155.14,0
1223,display,315.38,34.25,325.27,0
1224,email,285.04,159.06,37.77,0
1225,social,397.04,103.76,195.63,0
1226,email,481.24,349.1,479.71,1
1227,email,378.43,211.56,74.2,0
1228,search,299.38,186.45,353.88,1
1229,email,428.93,274.18,68.61,0
1230,display,44.59,276.85,245.85,0
1231,search,392.1,92.86,35.32,0
1232,social,158.66,356.06,121.49,0
1233,social,123.19,114.8,204.67,0
1234,display,188.67,304.35,196.5,0
1235,social,193.55,384.99,299.49,1
1236,search,31.97,35.08,104.22,0
1237,social,296.42,363.99,363.89,1
1238,email,431.71,354.22,111.8,1
1239,search,218.22,192.45,202.62,0
1240,email,405.65,279.45,303.14,1
1241,display,35.99,311.86,389.28,0
1242,social,265.61,476.74,399.61,1
1243,search,452.23,229.32,294.53,1
1244,email,463.83,107.15,211.78,0
1245,social,405.61,194.07,156.55,0
1246,search,437.74,406.2,308.69,1
1247,display,111.02,97.9,17.26,0
1248,display,143.88,195.53,91.0,0
1249,display,186.57,31.68,95.37,0
1250,email,301.77,384.67,135.94,1
1251,email,20.93,429.3,222.3,0
1252,email,176.86,344.3,123.76,0
1253,email,331.14,266.89,471.83,1
1254,social,426.28,362.95,342.8,1
1255,display,308.94,242.07,478.37,1
1256,search,341.12,415.11,471.11,1
1257,email,327.32,218.57,483.88,1
1258,social,278.82,218.8,206.51,0
1259,search,36.21,429.08,140.68,0
1260,email,410.67,362.07,362.45,1
1261,search,131.95,200.04,88.88,0
1262,display,232.09,248.23,99.26,0
1263,search,210.27,12.79,56.34,0
1264,social,196.19,278.24,420.82,1
1265,social,81.53,73.1,338.23,0
1266,search,50.21,365.18,162.41,0
1267,search,73.01,365.92,30.22,0
1268,search,150.87,78.27,246.42,0
1269,email,308.3,309.88,70.4,0
1270,social,68.73,427.44,286.37,0
1271,email,256.04,372.32,401.55,1
1272,search,471.17,192.9,18.26,0
1273,social,471.01,266.95,94.66,1
1274,email,428.67,382.64,356.09,1
1275,email,265.62,112.14,468.29,1
1276,email,306.21,368.74,181.59,1
1277,display,308.65,280.07,328.1,1
1278,email,221.41,363.45,80.52,0
1279,search,56.37,232.18,384.97,0
1280,display,485.78,86.43,137.86,0
1281,search,389.15,334.89,35.44,0
1282,email,243.89,42.01,373.34,0
1283,email,466.68,420.02,387.32,1
1284,email,474.42,199.73,140.8,1
1285,social,238.17,236.23,334.8,1
1286,social,398.53,197.99,56.04,0
1287,search,143.56,441.86,428.34,1
1288,email,365.28,405.01,43.48,1
1289,social,95.08,25.78,88.05,0
1290,search,421.11,31.75,491.78,1
1291,search,159.41,357.16,366.24,1
1292,search,464.03,200.3,212.1,1
1293,social,264.32,450.46,14.53,0
1294,social,17.21,392.39,448.7,1
1295,search,114.99,335.15,394.46,1
1296,social,424.69,128.93,470.56,1
1297,social,183.07,135.39,430.48,0
1298,display,63.93,366.1,448.22,1
1299,search,235.55,391.02,489.73,1
1300,email,184.63,204.76,327.09,0
1301,search,211.79,371.83,227.85,1
1302,search,228.82,429.58,173.99,1
1303,search,79.86,38.88,77.8,0
1304,social,335.12,97.0,382.55,1
1305,search,475.84,228.73,136.33,1
1306,email,486.94,395.72,464.89,1
1307,search,330.23,380.86,495.29,1
1308,email,349.51,429.69,104.3,1
1309,email,469.39,292.74,248.65,1
1310,search,70.58,97.44,459.01,0
1311,search,75.34,338.47,208.98,0
1312,email,201.54,134.22,464.47,1
1313,search,329.89,196.73,142.49,0
1314,search,233.56,204.65,328.14,0
1315,email,307.27,159.05,334.72,1
1316,email,77.28,302.31,408.68,0
1317,email,387.58,180.58,361.46,1
1318,social,113.57,422.27,27.25,0
1319,email,178.52,73.71,21.82,0
1320,search,442.31,138.31,283.53,1
1321,display,288.11,259.5,63.08,0
1322,social,441.85,226.83,256.99,1
1323,display,70.91,33.89,389.13,0
1324,display,398.01,183.08,492.5,1
1325,search,392.53,98.88,469.57,1
1326,email,259.48,308.28,349.65,1
1327,search,397.04,271.9,431.68,1
1328,search,147.24,352.37,81.23,0
1329,display,456.19,218.49,255.68,1
1330,search,163.48,263.79,264.02,0
1331,social,336.84,186.44,168.55,0
1332,display,248.7,404.68,332.15,1
1333,display,52.08,316.19,415.51,0
1334,search,357.97,137.24,312.16,1
1335,social,119.65,33.6,492.24,0
1336,display,438.99,319.2,419.6,1
1337,email,146.83,27.82,167.29,0
1338,search,341.08,254.31,281.56,1
1339,display,87.48,293.28,314.28,0
1340,email,19.81,133.5,375.6,0
1341,email,479.98,432.88,271.95,1
1342,email,211.28,84.39,48.56,0
1343,search,430.71,437.26,57.22,1
1344,email,175.68,126.18,485.85,0
1345,search,126.97,22.65,370.07,0
1346,search,354.37,355.24,71.6,0
1347,search,467.26,371.94,202.43,1
1348,display,329.19,496.24,76.29,1
1349,social,77.22,469.39,31.06,0
1350,social,396.07,470.67,30.11,1
1351,search,327.99,495.28,214.38,1
1352,search,68.96,335.51,155.81,0
1353,email,19.55,492.58,70.09,0
1354,search,333.9,215.55,130.68,0
1355,email,324.94,428.44,110.3,1
1356,display,323.67,116.03,367.45,1
1357,email,420.55,218.07,118.5,0
1358,email,479.57,188.26,47.54,0
1359,search,168.48,402.64,153.88,0
1360,social,463.53,307.48,389.0,1
1361,social,143.35,465.02,91.77,0
1362,search,304.07,109.56,193.37,0
1363,email,316.84,344.47,191.43,1
1364,display,433.39,35.2,267.98,0
1365,email,68.42,327.17,107.64,0
1366,search,268.34,362.1,132.55,0
1367,display,77.14,59.68,218.26,0
1368,display,78.82,114.62,238.07,0
1369,email,31.61,374.21,23.64,0
1370,search,477.64,354.91,305.38,1
1371,social,329.14,103.44,336.53,0
1372,email,24.76,143.65,409.56,0
1373,display,66.23,47.31,361.23,0
1374,display,179.88,438.66,447.49,1
1375,display,258.0,49.29,398.9,0
1376,search,252.71,487.83,29.92,0
1377,email,43.83,349.58,466.3,1
1378,email,352.97,305.13,123.78,0
1379,search,191.66,62.87,261.61,0
1380,social,465.87,38.6,479.95,1
1381,search,151.58,438.73,247.13,1
1382,email,291.76,416.55,333.2,1
1383,search,400.66,35.24,473.85,1
1384,search,277.59,106.26,497.25,1
1385,email,267.12,188.4,378.38,1
1386,social,77.08,258.95,169.85,0
1387,email,323.44,401.27,430.58,1
1388,email,148.35,117.91,272.72,0
1389,email,109.51,362.61,445.76,1
1390,search,421.18,381.14,272.55,1
1391,search,106.93,276.72,106.66,0
1392,email,138.15,348.94,188.6,0
1393,search,187.02,170.83,114.78,0
1394,social,267.28,26.88,470.16,0
1395,display,154.24,244.43,479.14,1
1396,email,130.1,31.47,371.54,0
1397,search,67.55,282.78,121.84,0
1398,display,495.38,34.82,21.5,0
1399,email,108.15,115.32,484.43,0
1400,email,486.18,292.28,284.25,1
1401,display,499.21,456.04,72.87,1
1402,display,193.69,113.14,114.0,0
1403,display,346.9,194.11,477.67,1
1404,search,284.24,191.06,357.29,1
1405,email,352.0,410.48,319.68,1
1406,search,389.92,235.97,358.85,1
1407,search,121.18,274.97,199.17,0
1408,email,421.09,231.55,150.77,1
1409,social,18.21,28.98,417.84,0
1410,search,174.57,498.78,462.39,1
1411,email,480.76,485.81,112.57,1
1412,display,88.76,94.43,136.43,0
1413,social,473.4,206.67,299.67,1
1414,email,95.78,383.39,265.41,0
1415,display,101.4,337.93,126.74,0
1416,search,268.17,69.62,278.43,0
1417,search,166.06,318.92,369.86,1
1418,display,489.55,253.53,445.08,1
1419,search,319.55,242.98,118.5,0
1420,search,21.13,370.52,148.24,0
1421,search,187.48,297.28,237.01,0
1422,email,259.96,391.29,72.99,0
1423,display,438.54,296.3,369.84,1
1424,display,203.12,346.58,493.87,1
1425,email,414.11,210.18,394.72,1
1426,social,467.02,204.3,188.28,1
1427,social,133.31,484.31,99.78,0
1428,display,42.45,37.53,333.87,0
1429,social,69.3,371.37,392.75,1
1430,email,190.51,369.26,217.09,0
1431,social,248.74,33.75,246.11,0
1432,social,499.3,324.9,93.87,1
1433,email,213.2,439.38,493.46,1
1434,display,282.26,197.05,17.16,0
1435,search,135.45,97.62,12.46,0
1436,display,285.79,172.28,181.84,0
1437,email,242.51,229.67,162.53,0
1438,display,218.53,401.06,444.03,1
1439,search,482.62,95.63,435.37,1
1440,email,311.13,26.91,56.99,0
1441,social,59.5,181.86,115.66,0
1442,social,384.42,482.93,271.58,1
1443,search,346.47,445.4,28.74,1
1444,display,327.75,420.96,259.87,1
1445,social,456.53,308.44,246.34,1
1446,email,390.28,125.38,484.59,1
1447,search,138.2,14.3,249.12,0
1448,email,172.37,278.76,88.53,0
1449,display,435.75,217.84,430.79,1
1450,email,143.88,357.37,479.52,1
1451,search,465.13,436.01,291.37,1
1452,social,76.47,430.1,409.07,1
1453,email,363.68,268.23,437.06,1
1454,search,355.5,186.53,485.8,1
1455,social,49.03,279.88,450.71,0
1456,search,300.18,345.5,310.17,1
1457,display,173.02,170.37,167.35,0
1458,display,30.06,291.87,29.19,0
1459,search,121.15,173.73,304.17,0
1460,search,196.8,447.05,70.67,0
1461,search,420.12,301.22,229.45,1
1462,display,483.49,149.61,266.93,1
1463,email,21.1,77.22,245.74,0
1464,search,16.25,434.46,279.8,0
1465,email,208.25,179.94,170.36,0
1466,social,19.13,420.71,363.18,1
1467,search,38.24,289.89,93.52,0
1468,display,275.73,487.05,58.41,1
1469,display,50.4,395.61,473.66,1
1470,social,77.75,493.43,378.73,1
1471,social,28.4,435.91,81.24,0
1472,email,237.48,301.25,43.92,0
1473,email,53.17,52.36,55.75,0
1474,email,140.75,116.17,291.3,0
1475,search,203.21,50.37,451.51,0
1476,search,99.34,70.2,233.0,0
1477,social,342.39,295.22,390.04,1
1478,social,478.35,327.8,355.34,1
1479,display,404.75,21.34,173.13,0
1480,search,233.97,265.99,73.37,0
1481,social,299.38,387.81,480.95,1
1482,email,443.86,178.16,382.04,1
1483,search,287.3,434.45,400.91,1
1484,social,57.11,490.44,420.88,1
1485,email,254.45,174.17,190.54,0
1486,display,170.33,351.87,257.25,0
1487,display,422.16,425.69,261.5,1
1488,email,217.21,407.54,389.84,1
1489,display,159.18,37.84,114.44,0
1490,social,147.08,439.96,92.39,0
1491,display,299.44,332.21,479.69,1
1492,display,233.53,17.4,339.33,0
1493,social,266.75,271.21,495.25,1
1494,search,92.3,53.44,348.96,0
1495,social,395.9,270.09,120.96,0
1496,search,21.03,172.79,171.98,0
1497,search,195.49,61.33,216.77,0
1498,display,394.26,345.53,149.29,1
1499,email,195.22,383.86,96.04,0
1500,email,491.74,240.88,379.63,1
1501,search,255.99,380.22,187.62,1
1502,email,363.19,261.93,277.99,1
1503,email,216.95,441.21,193.49,1
1504,social,203.3,102.33,167.91,0
1505,social,306.04,169.33,171.2,0
1506,search,119.11,233.32,283.34,0
1507,display,333.83,379.23,180.9,1
1508,display,340.63,180.96,107.76,0
1509,display,217.87,17.68,163.44,0
1510,email,95.83,336.33,202.54,0
1511,search,147.39,159.59,30.84,0
1512,display,475.07,53.3,399.38,1
1513,display,260.37,207.32,36.27,0
1514,email,158.84,164.12,295.43,0
1515,search,288.49,399.34,390.98,1
1516,email,115.35,402.61,487.64,1
1517,social,317.67,327.58,195.74,1
1518,social,26.98,461.62,194.93,0
1519,search,470.5,225.56,434.24,1
1520,search,355.84,26.21,357.68,0
1521,social,139.45,28.63,477.32,0
1522,search,241.01,138.82,426.42,1
1523,display,394.01,346.55,30.25,0
1524,search,424.43,251.46,73.98,0
1525,search,427.25,211.64,241.52,1
1526,email,482.21,433.27,148.79,1
1527,display,458.39,301.32,230.92,1
1528,display,414.03,420.06,399.92,1
1529,display,453.16,82.06,274.71,1
1530,search,439.78,185.62,422.88,1
1531,social,351.28,324.35,82.95,0
1532,social,476.44,480.85,452.21,1
1533,email,314.68,463.98,10.32,0
1534,search,470.18,119.98,441.48,1
1535,display,208.98,155.79,128.23,0
1536,email,219.22,23.93,462.04,0
1537,search,18.88,262.78,476.96,0
1538,social,49.46,11.8,159.84,0
1539,email,176.33,240.28,151.81,0
1540,social,130.3,434.85,467.3,1
1541,display,49.1,117.11,308.21,0
1542,email,94.16,256.15,314.22,0
1543,social,92.52,292.86,11.12,0
1544,display,481.06,140.59,137.63,0
1545,search,72.03,422.71,292.13,0
1546,social,221.35,241.47,356.76,1
1547,search,335.33,137.81,290.74,0
1548,email,84.96,186.85,29.89,0
1549,display,496.3,457.92,369.2,1
1550,social,252.78,53.59,160.88,0
1551,search,65.54,235.73,423.81,0
1552,email,405.97,441.92,355.24,1
1553,search,452.95,488.57,141.97,1
1554,social,27.56,434.47,172.36,0
1555,email,282.79,113.91,121.21,0
1556,search,396.11,104.04,210.92,0
1557,display,472.54,411.81,215.52,1
1558,search,375.25,113.56,54.05,0
1559,social,75.78,118.41,173.21,0
1560,email,165.83,10.62,355.29,0
1561,social,43.51,492.18,164.82,0
1562,display,394.06,369.36,297.71,1
1563,social,423.61,179.31,104.31,0
1564,display,219.29,297.44,90.51,0
1565,search,240.57,56.88,287.88,0
1566,search,276.8,159.21,467.82,1
1567,display,268.64,248.76,100.74,0
1568,display,356.87,369.23,471.02,1
1569,social,123.86,436.76,187.25,0
1570,search,59.79,385.46,487.57,1
1571,email,335.13,303.02,231.53,1
1572,search,322.74,464.65,42.45,1
1573,search,99.26,451.93,442.41,1
1574,email,376.97,497.18,391.2,1
1575,email,303.7,217.71,292.61,1
1576,search,390.35,396.52,480.17,1
1577,display,197.49,414.32,326.61,1
1578,email,155.7,164.7,465.53,0
1579,email,103.88,48.37,203.33,0
1580,email,405.44,51.25,426.32,1
1581,social,384.04,176.31,135.52,0
1582,social,302.0,203.65,311.91,1
1583,search,134.71,99.78,168.75,0
1584,social,204.1,480.47,58.65,0
1585,social,289.31,48.56,98.54,0
1586,display,311.83,446.92,256.31,1
1587,social,142.7,176.39,233.36,0
1588,email,486.36,152.42,18.14,0
1589,search,434.75,458.45,486.62,1
1590,search,454.81,333.49,91.74,1
1591,search,79.23,15.37,498.35,0
1592,display,389.23,93.28,237.63,0
1593,search,21.68,241.58,85.54,0
1594,search,366.61,473.62,414.84,1
1595,social,227.04,105.13,97.87,0
1596,email,186.56,312.98,344.36,1
1597,display,254.13,385.9,461.23,1
1598,search,51.34,93.85,424.31,0
1599,display,453.72,83.72,103.27,0
1600,search,413.49,40.24,435.44,1
1601,search,150.04,456.01,269.82,1
1602,social,219.63,96.29,378.64,0
1603,social,464.3,396.84,402.36,1
1604,email,49.88,479.25,212.81,0
1605,social,396.86,148.69,421.71,1
1606,search,426.62,338.47,319.97,1
1607,search,129.89,421.5,95.45,0
1608,email,84.69,392.63,349.76,1
1609,social,130.03,110.02,104.58,0
1610,email,69.49,492.88,375.86,1
1611,social,289.78,400.43,312.39,1
1612,email,359.1,109.51,166.92,0
1613,display,210.88,54.72,286.39,0
1614,social,458.66,195.45,246.33,1
1615,social,418.57,55.42,283.36,0
1616,display,286.82,321.05,123.61,0
1617,display,245.73,131.9,435.61,1
1618,social,418.73,363.81,335.03,1
1619,display,237.76,376.08,39.46,0
1620,search,180.51,155.96,192.75,0
1621,display,332.85,349.77,288.12,1
1622,search,80.14,65.61,388.19,0
1623,social,79.14,155.12,23.55,0
1624,search,327.27,347.11,449.3,1
1625,display,279.34,393.21,379.21,1
1626,display,217.32,241.84,319.68,0
1627,email,406.99,459.11,136.93,1
1628,social,265.11,430.08,396.23,1
1629,social,389.17,165.84,204.97,0
1630,social,27.27,236.93,457.49,0
1631,display,132.77,455.01,474.59,1
1632,email,147.31,453.44,348.44,1
1633,display,459.53,361.4,371.14,1
1634,search,178.64,477.87,465.09,1
1635,email,133.43,283.33,134.14,0
1636,search,471.12,442.36,239.63,1
1637,social,414.99,61.54,319.95,0
1638,search,84.4,289.43,29.75,0
1639,search,343.44,326.33,471.91,1
1640,display,362.7,322.42,267.62,1
1641,social,104.42,47.21,258.58,0
1642,email,58.96,79.09,198.19,0
1643,display,281.87,468.61,220.8,1
1644,display,51.32,131.06,319.09,0
1645,email,482.52,106.95,400.07,1
1646,display,23.83,101.89,221.81,0
1647,display,428.2,478.36,374.69,1
1648,email,86.92,422.77,12.71,0
1649,display,128.57,20.75,46.64,0
1650,email,468.59,124.82,430.72,1
1651,display,88.66,71.94,394.59,0
1652,email,239.05,139.39,213.46,0
1653,email,429.07,465.12,290.84,1
1654,search,99.75,238.83,74.91,0
1655,social,21.94,483.04,80.52,0
1656,display,439.4,307.23,169.3,1
1657,social,130.85,158.52,204.85,0
1658,social,84.64,284.69,135.31,0
1659,display,176.5,445.54,84.73,0
1660,search,234.04,190.41,419.73,1
1661,display,452.57,344.59,157.72,1
1662,display,331.37,287.12,288.64,1
1663,display,102.09,233.03,238.53,0
1664,search,331.11,212.83,459.63,1
1665,social,483.57,194.16,496.22,1
1666,email,127.98,485.47,118.98,0
1667,social,322.8,158.24,131.81,0
1668,search,53.14,266.38,383.75,0
1669,social,35.84,224.02,245.33,0
1670,social,117.44,22.25,155.43,0
1671,email,95.51,158.46,230.92,0
1672,social,212.32,446.97,182.64,1
1673,social,244.95,105.21,225.37,0
1674,email,309.4,292.19,15.5,0
1675,email,381.48,402.5,339.52,1
1676,email,471.51,182.32,494.74,1
1677,social,71.24,461.34,493.76,1
1678,display,86.35,386.81,389.08,1
1679,social,28.05,21.53,163.79,0
1680,social,31.29,264.42,428.89,0
1681,search,374.94,461.32,235.05,1
1682,search,367.94,47.88,489.65,1
1683,social,38.86,341.98,137.58,0
1684,email,156.76,71.76,115.64,0
1685,email,333.55,419.69,306.47,1
1686,social,451.22,381.26,69.32,1
1687,email,175.69,442.53,381.82,1
1688,social,297.46,459.39,28.6,0
1689,email,47.41,42.75,404.61,0
1690,search,112.82,347.36,309.56,0
1691,display,148.89,173.54,164.15,0
1692,email,488.76,211.37,206.82,1
1693,display,194.11,219.94,19.52,0
1694,display,342.6,444.32,272.32,1
1695,search,441.53,405.73,363.21,1
1696,display,66.24,324.74,290.72,0
1697,display,452.42,204.2,268.01,1
1698,social,329.87,396.14,238.77,1
1699,display,461.83,165.21,291.03,1
1700,search,91.05,236.13,350.66,0
1701,search,67.87,212.1,215.4,0
1702,display,304.0,235.59,415.04,1
1703,display,186.49,354.89,492.58,1
1704,email,145.99,386.49,128.74,0
1705,email,92.65,334.56,325.27,0
1706,display,154.14,208.69,172.2,0
1707,social,322.14,375.51,17.26,0
1708,display,297.44,40.15,462.95,1
1709,social,317.49,496.96,49.72,1
1710,email,220.33,192.27,462.72,1
1711,display,462.15,288.4,154.35,1
1712,social,84.34,81.94,141.33,0
1713,search,387.71,161.16,281.88,1
1714,display,144.76,29.53,64.73,0
1715,search,372.26,212.26,208.95,0
1716,email,254.74,32.75,195.94,0
1717,social,270.13,139.95,132.03,0
1718,email,96.53,28.03,356.48,0
1719,email,50.73,425.8,444.25,1
1720,display,188.97,271.93,485.1,1
1721,email,103.91,319.81,415.53,1
1722,display,71.74,133.89,112.91,0
1723,search,234.39,262.23,294.98,0
1724,email,231.42,229.58,441.44,1
1725,search,404.88,411.7,407.31,1
1726,email,396.98,74.56,482.96,1
1727,social,380.61,91.08,66.08,0
1728,display,233.17,470.52,224.01,1
1729,search,483.25,245.09,175.96,1
1730,social,198.78,136.64,482.3,1
1731,display,317.29,198.58,202.49,0
1732,search,103.3,351.53,223.81,0
1733,email,337.55,64.36,62.1,0
1734,social,133.34,411.24,442.09,1
1735,search,13.32,198.59,130.88,0
1736,email,101.56,235.29,108.62,0
1737,social,140.11,13.93,218.31,0
1738,search,420.15,260.05,471.12,1
1739,email,420.88,423.2,486.86,1
1740,social,17.93,451.67,158.57,0
1741,email,268.59,88.86,432.77,0
1742,display,399.97,185.88,132.52,0
1743,display,184.13,417.51,401.96,1
1744,search,462.54,40.45,465.58,1
1745,email,59.82,241.15,279.74,0
1746,social,301.02,215.01,392.56,1
1747,social,212.93,178.24,223.72,0
1748,social,472.71,311.75,110.62,1
1749,search,57.96,88.78,447.24,0
1750,search,63.29,27.98,125.27,0
1751,social,232.1,51.43,409.31,0
1752,search,417.23,480.91,163.48,1
1753,email,225.74,301.62,135.51,0
1754,search,153.53,379.53,195.6,0
1755,email,109.26,108.2,174.21,0
1756,social,421.72,171.24,216.45,1
1757,email,141.28,375.01,482.07,1
1758,search,475.39,497.51,279.31,1
1759,search,269.43,240.42,123.34,0
1760,display,400.55,46.28,457.19,1
1761,search,319.96,437.49,222.42,1
1762,email,412.6,26.56,96.94,0
1763,social,71.14,130.11,184.48,0
1764,social,80.39,113.91,268.51,0
1765,social,467.97,154.39,136.54,0
1766,social,111.55,443.8,205.67,0
1767,display,125.11,291.65,460.55,1
1768,email,412.05,104.06,273.97,0
1769,search,498.85,217.66,477.24,1
1770,display,149.88,241.23,310.89,0
1771,email,489.56,360.27,67.43,1
1772,search,466.35,247.05,279.01,1
1773,social,130.53,363.18,219.43,0
1774,social,367.07,430.19,74.92,1
1775,email,60.26,192.38,360.42,0
1776,email,30.89,359.0,204.92,0
1777,social,424.02,336.59,114.05,1
1778,display,279.05,468.72,456.37,1
1779,social,137.25,478.64,216.83,1
1780,display,76.5,128.34,339.96,0
1781,search,459.65,304.81,432.39,1
1782,social,423.09,111.39,450.54,1
1783,search,345.98,282.24,375.63,1
1784,display,32.75,183.88,309.41,0
1785,search,293.41,485.13,328.21,1
1786,social,193.66,181.21,399.29,0
1787,search,387.74,66.74,227.55,0
1788,display,247.33,189.5,50.28,0
1789,social,225.53,456.97,364.6,1
1790,social,318.17,154.91,316.46,0
1791,email,387.79,120.87,406.97,1
1792,email,284.07,38.63,470.6,0
1793,search,381.14,159.8,488.17,1
1794,search,44.28,298.21,487.0,1
1795,search,215.44,276.12,251.7,0
1796,email,391.22,402.24,325.24,1
1797,display,347.21,350.42,193.3,1
1798,display,128.18,206.04,90.99,0
1799,social,147.16,40.77,82.22,0
1800,search,289.54,163.18,413.96,1
1801,display,367.18,477.9,73.46,1
1802,email,214.75,478.22,270.53,1
1803,search,240.05,93.39,470.14,1
1804,social,174.59,287.23,441.69,1
1805,display,32.81,366.25,351.98,0
1806,display,58.64,441.83,22.74,0
1807,search,390.94,295.79,17.17,0
1808,email,426.59,406.47,33.68,1
1809,display,327.99,414.14,71.3,1
1810,display,18.72,364.47,228.73,0
1811,display,178.05,26.55,358.95,0
1812,display,280.67,102.49,120.57,0
1813,search,490.83,130.4,132.16,0
1814,display,330.33,176.31,484.29,1
1815,email,111.73,480.57,134.46,0
1816,email,109.51,319.52,495.94,1
1817,social,487.56,245.57,371.07,1
1818,display,442.63,159.13,212.86,1
1819,display,278.56,16.58,456.43,0
1820,social,276.8,251.03,221.58,0
1821,email,380.84,278.66,249.04,1
1822,search,163.87,236.0,117.29,0
1823,search,46.81,41.91,405.5,0
1824,email,132.23,241.92,53.64,0
1825,display,462.37,140.76,393.83,1
1826,social,458.28,71.24,459.07,1
1827,email,395.63,472.02,289.61,1
1828,search,459.34,39.66,13.71,0
1829,search,367.98,493.15,371.94,1
1830,social,223.47,81.01,462.55,0
1831,search,182.31,207.76,439.49,1
1832,social,393.07,268.59,54.01,0
1833,email,433.17,165.35,59.97,0
1834,search,222.76,199.88,118.93,0
1835,display,477.19,306.44,84.16,1
1836,display,179.31,230.44,175.26,0
1837,social,279.39,364.88,419.24,1
1838,search,129.55,86.51,390.59,0
1839,display,362.78,68.22,449.85,1
1840,email,202.16,135.95,437.35,0
1841,display,230.3,493.22,435.11,1
1842,search,334.12,392.17,249.25,1
1843,email,367.38,337.52,440.88,1
1844,display,232.55,313.22,424.26,1
1845,social,411.62,37.19,36.79,0
1846,display,238.1,486.29,68.3,0
1847,social,205.16,224.08,385.32,1
1848,email,415.77,47.41,229.02,0
1849,email,460.28,70.8,131.34,0
1850,search,481.92,53.28,204.98,0
1851,email,99.1,284.43,482.62,1
1852,search,53.41,213.96,484.29,0
1853,search,29.23,109.67,484.8,0
1854,email,398.82,188.23,497.8,1
1855,display,113.2,299.61,73.45,0
1856,display,61.11,172.69,449.5,0
1857,display,406.64,215.57,67.31,0
1858,email,24.68,239.36,42.37,0
1859,display,388.15,348.27,390.09,1
1860,display,176.59,414.53,418.56,1
1861,search,271.71,121.58,205.58,0
1862,email,173.36,413.15,144.05,0
1863,social,350.68,265.21,216.37,1
1864,email,89.09,161.31,149.91,0
1865,email,236.45,363.3,61.88,0
1866,email,127.34,359.52,146.67,0
1867,email,330.68,120.01,180.48,0
1868,search,68.25,451.41,190.24,0
1869,social,160.81,329.62,333.84,1
1870,search,454.52,351.9,440.25,1
1871,social,200.2,28.13,367.41,0
1872,display,269.17,319.88,463.51,1
1873,social,64.96,152.87,149.47,0
1874,social,428.28,245.5,466.72,1
1875,search,291.71,51.17,167.0,0
1876,social,244.26,154.05,390.21,0
1877,social,309.15,449.47,124.09,1
1878,social,23.12,34.45,470.84,0
1879,social,44.36,223.58,462.41,0
1880,search,146.45,128.3,189.33,0
1881,email,358.53,489.84,387.49,1
1882,social,430.04,342.78,314.97,1
1883,email,99.75,340.61,368.19,1
1884,email,433.56,207.63,403.88,1
1885,email,457.39,84.97,47.42,0
1886,search,336.54,94.79,182.62,0
1887,display,72.33,72.66,155.49,0
1888,display,16.97,351.97,383.4,0
1889,search,202.01,325.27,403.19,1
1890,search,121.34,390.61,211.4,0
1891,email,436.94,342.79,146.91,1
1892,social,16.75,128.47,166.28,0
1893,email,252.62,211.11,475.81,1
1894,display,201.66,120.32,437.63,0
1895,social,141.54,69.55,439.16,0
1896,social,238.09,60.76,200.21,0
1897,search,161.96,483.88,308.47,1
1898,display,284.66,96.0,419.38,1
1899,search,281.14,29.83,456.55,0
1900,search,241.35,25.9,249.86,0
1901,search,144.68,287.66,463.65,1
1902,display,77.04,441.17,368.41,1
1903,search,354.07,216.89,259.0,1
1904,email,392.96,285.16,48.32,0
1905,search,158.65,43.2,232.56,0
1906,social,425.37,417.44,64.5,1
1907,display,352.02,410.07,331.74,1
1908,display,431.2,134.31,322.26,1
1909,social,423.89,237.69,446.26,1
1910,social,270.7,273.74,224.61,0
1911,social,174.22,106.55,443.47,0
1912,email,445.92,490.58,45.02,1
1913,email,321.79,325.46,420.41,1
1914,email,251.52,367.62,187.82,1
1915,search,104.91,380.06,273.38,0
1916,social,111.18,478.85,86.93,0
1917,email,148.52,406.59,307.22,1
1918,display,88.82,180.95,445.44,0
1919,email,423.89,292.53,387.91,1
1920,display,128.13,301.44,365.34,0
1921,social,111.37,213.45,139.27,0
1922,display,28.6,412.19,339.46,0
1923,social,215.44,166.02,242.8,0
1924,social,412.52,282.67,418.99,1
1925,search,65.32,475.92,349.04,1
1926,display,378.05,221.24,216.13,1
1927,social,217.3,420.58,34.67,0
1928,social,375.57,82.42,244.47,0
1929,display,107.4,319.9,126.73,0
1930,email,408.97,327.08,280.32,1
1931,display,279.05,460.93,176.37,1
1932,social,182.56,79.01,456.29,0
1933,display,76.45,330.49,127.38,0
1934,social,161.75,154.07,428.22,0
1935,social,234.62,322.67,60.56,0
1936,social,181.39,459.56,215.83,1
1937,email,156.96,221.27,478.71,1
1938,email,88.66,449.5,448.51,1
1939,email,304.07,158.08,138.24,0
1940,display,481.97,172.02,399.26,1
1941,email,493.02,242.04,152.5,1
1942,email,101.71,494.19,36.81,0
1943,social,60.5,190.94,410.14,0
1944,email,32.74,264.4,258.58,0
1945,email,103.26,246.02,314.41,0
1946,display,359.34,185.17,37.05,0
1947,social,147.95,263.4,451.96,1
1948,email,169.04,292.86,407.46,1
1949,search,493.84,136.43,183.92,1
1950,social,323.33,249.91,423.7,1
1951,email,319.69,466.52,259.27,1
1952,search,60.79,219.28,59.55,0
1953,social,303.08,119.2,334.06,0
1954,display,178.09,156.68,21.24,0
1955,social,199.72,451.4,85.95,0
1956,social,66.22,11.69,465.86,0
1957,display,477.73,73.2,355.53,1
1958,email,285.38,248.68,308.23,1
1959,search,184.47,402.75,281.75,1
1960,social,412.22,80.94,71.52,0
1961,email,387.39,480.51,273.4,1
1962,search,210.76,51.78,25.89,0
1963,display,401.73,76.92,200.97,0
1964,social,415.99,177.14,219.76,1
1965,display,139.75,143.29,41.7,0
1966,social,19.86,291.97,446.97,0
1967,social,244.3,225.19,317.18,0
1968,search,279.17,412.53,89.26,0
1969,display,80.79,389.92,58.36,0
1970,search,412.53,99.39,170.43,0
1971,display,219.19,318.6,54.53,0
1972,search,77.29,137.9,403.43,0
1973,display,154.21,43.17,132.32,0
1974,email,166.14,444.08,393.35,1
1975,display,287.01,98.65,192.49,0
1976,social,258.4,34.26,384.78,0
1977,social,199.85,323.17,221.59,0
1978,display,29.16,243.32,474.0,0
1979,search,218.69,474.22,277.61,1
1980,search,455.65,202.44,432.36,1
1981,social,68.83,193.0,145.32,0
1982,display,231.63,441.74,489.79,1
1983,email,456.76,405.14,253.22,1
1984,display,73.78,51.25,459.25,0
1985,display,39.43,286.41,325.91,0
1986,email,165.91,164.07,225.2,0
1987,search,92.13,159.8,49.12,0
1988,search,96.06,89.7,70.53,0
1989,social,291.84,457.77,431.03,1
1990,social,15.55,287.99,23.08,0
1991,email,333.82,272.65,122.37,0
1992,search,333.83,480.66,453.93,1
1993,email,213.41,450.76,429.44,1
1994,email,59.72,172.58,95.3,0
1995,email,49.46,249.02,166.08,0
1996,search,198.47,264.59,373.63,1
1997,search,370.42,344.89,244.11,1
1998,search,31.66,88.31,350.24,0
1999,email,420.73,179.97,283.19,1
2000,search,457.57,78.0,313.39,1
